round,slice,frame,object_ref,cell,what,why,severity,owner,rule_id,evidence,action,rules_version,note
calib,C0,adasind_019560.jpg,L3,na,SPURIOUS,E1_annotator_error,P1,annotator,R03,"L3 Pedestrian [451,735,542,902] là người ngồi trên xe máy; R2 Bike [427,736,535,910] bao cả người và xe",rework,v1.0.0,Rider phải gộp vào một box Bike
calib,C0,adasind_019560.jpg,L5,na,SPURIOUS,E1_annotator_error,P0,annotator,R07,"L5 Bike [0,1050,189,1641] là thân/tay lái xe ego ở mép trái; R dùng polygon ego_body [0,1100,60,1600]",rework,v1.0.0,"Xóa box, vẽ ego_body đúng chỗ; hai polygon ego_body của mình ở giữa ảnh phủ nhầm lên xe thật"
calib,C0,adasind_019560.jpg,L6+R5,na,WRONG_CLASS,E1_annotator_error,P1,annotator,R04,"L6 Truck [337,731,433,842] vs R5 ThreeWheeler [327,721,457,849], cùng vật",rework,v1.0.0,"Auto-rickshaw là ThreeWheeler, không gọi Truck"
calib,C0,adasind_019560.jpg,L7+R6,na,WRONG_CLASS,E1_annotator_error,P1,annotator,R04,"L7 Truck [280,736,330,832] vs R6 ThreeWheeler [287,743,338,825]",rework,v1.0.0,Cùng lỗi với L6+R5
calib,C0,adasind_019560.jpg,R4,na,MISSING,E1_annotator_error,P1,annotator,R01,"R4 Bike h=94 [888,801,966,895] bên phải; bản nháp đầu có box này nhưng bản khóa đã lỡ xóa",rework,v1.0.0,Vật ≥40 px trong vùng hợp lệ phải có box
r1_craft,B1-mid,adasind_014670.jpg,L1,na,IGNORE_SCOPE,E1_annotator_error,P0,annotator,R07,Box Bike trên tay lái ego,rework,v1.0.0,Đã xóa ở rework v2
r1_craft,B1-mid,adasind_014670.jpg,L4+R5,na,WRONG_CLASS,E0_reference_defect,P1,qa,R04,"Bus (L) vs Truck (R), xem ticket 2",escalate,v1.0.0,QA: Nguyễn Hải Long (người nhận việc); QC: Nguyễn Như Quỳnh phân xử
r1_craft,B1-mid,adasind_014670.jpg,L6,na,SPURIOUS,E0_reference_defect,P2,qa,R01,ThreeWheeler h=55 reference sót,keep_with_reason,v1.0.0,QA: Nguyễn Hải Long (người nhận việc)
r1_craft,B1-mid,adasind_032280.jpg,L2,na,IGNORE_SCOPE,E1_annotator_error,P0,annotator,R07,Box Bike trên tay lái ego,rework,v1.0.0,Còn sót ở v2
r1_craft,B1-mid,adasind_032280.jpg,L1+R1,na,ATTRIBUTE,E1_annotator_error,P2,annotator,R05,truncated=true cho xe nằm trọn trong vòng kính,rework,v1.0.0,Đã sửa ở v2
r1_craft,B1-mid,adasind_032280.jpg,L4,na,SPURIOUS,E2_guideline_gap,P2,guideline,R01,Bike h=43 mờ ở xa,keep_with_reason,v1.0.0,
r1_craft,B1-mid,adasind_032280.jpg,L6,na,SPURIOUS,E5_unresolved,P2,qa,R01,"Bike h=54 sát mép trái; R, M không có",escalate,v1.0.0,QA: Nguyễn Hải Long (người nhận việc); QC: Nguyễn Như Quỳnh phân xử
r1_craft,B1-mid,adasind_034080.jpg,L12,na,IGNORE_SCOPE,E1_annotator_error,P0,annotator,R07,Box Bike trên tay lái ego,rework,v1.0.0,Còn sót ở v2
r1_craft,B1-mid,adasind_034080.jpg,L10+R3,na,ATTRIBUTE,E1_annotator_error,P2,annotator,R05,Pedestrian sát mép phải thiếu truncated,rework,v1.0.0,Đã sửa ở v2
r1_craft,B1-mid,adasind_034080.jpg,L2+R9,na,WRONG_CLASS,E1_annotator_error,P1,annotator,R04,Truck thay vì ThreeWheeler,rework,v1.0.0,Đã sửa ở v2
r1_craft,B1-mid,adasind_034080.jpg,L4,na,SPURIOUS,E5_unresolved,P2,qa,R02,"Car thứ hai sau xe trắng; R, M không có",escalate,v1.0.0,QA: Nguyễn Hải Long (người nhận việc); QC: Nguyễn Như Quỳnh phân xử
r1_craft,B1-mid,adasind_034080.jpg,L6+R2,na,BOX_GEOMETRY,E1_annotator_error,P2,annotator,R02,Box Car vẽ cả phần bị che,rework,v1.0.0,Chưa sửa ở v2
r1_craft,B1-mid,adasind_034080.jpg,L8,na,SPURIOUS,E1_annotator_error,P1,annotator,R01,ThreeWheeler trùng Car trên cùng vật xa,rework,v1.0.0,Chưa sửa ở v2
r1_craft,B1-mid,adasind_034080.jpg,L11,na,SPURIOUS,E1_annotator_error,P1,annotator,R01,Car trùng ThreeWheeler L8,rework,v1.0.0,Chưa sửa ở v2
r3_diag,B1-mid,adasind_014670.jpg,L7+R3,LR_noM,MISSING,E4_model_domain,P2,ai_team,R04,"model đổi class ThreeWheeler→Truck; L và R cùng ThreeWheeler (R04). Lặp lại ở cả 3 frame B1-mid (M6 Truck [58,909,248,1144] trùng vị trí L7/R3)",escalate,v1.0.0,Model YOLO26m không có class auto-rickshaw; gom vào 30_escalation_ticket
r3_diag,B1-mid,adasind_014670.jpg,L4+M3,LM_noR,SPURIOUS,E0_reference_defect,P1,qa,R04,"L4 và M3 cùng Bus tại [0,845,70,1100]; R5 gọi Truck. Ảnh: thân vàng dài, hàng cửa sổ ngang của xe buýt, không thấy thùng hàng",escalate,v1.0.0,Đề nghị QC Nguyễn Như Quỳnh xác nhận rồi chuyển Lab Coach soát lại class R5; giữ Bus. Riêng truncated=false của L4 là lỗi mình (xe bị mép trái cắt). QA: Nguyễn Hải Long (người nhận việc); QC: Nguyễn Như Quỳnh phân xử
r3_diag,B1-mid,adasind_014670.jpg,L6,L_only,SPURIOUS,E0_reference_defect,P2,qa,R01,"L6 ThreeWheeler h=55 [355,951,397,1006] giữa đường; model cũng thấy (M7, gọi Truck); R không có box và không có ignore tại đó",keep_with_reason,v1.0.0,Vật ≥40 px trong vùng hợp lệ nên theo R01 cần box; nghi reference sót. QA: Nguyễn Hải Long (người nhận việc)
r3_diag,B1-mid,adasind_014670.jpg,R5,R_only,MISSING,E0_reference_defect,P1,qa,R04,Cùng vật với L4+M3: R5 Truck vs L4/M3 Bus; R_only chỉ do khác class,escalate,v1.0.0,Gộp với dòng L4+M3. QA: Nguyễn Hải Long (người nhận việc); QC: Nguyễn Như Quỳnh phân xử
r3_diag,B1-mid,adasind_014670.jpg,M6,M_only,SPURIOUS,E4_model_domain,P2,ai_team,R04,"M6 Truck [58,909,248,1144] trên ThreeWheeler L7/R3",keep_with_reason,v1.0.0,Không đổi nhãn người; ghi nhận lỗi model
r3_diag,B1-mid,adasind_014670.jpg,M7,M_only,SPURIOUS,E4_model_domain,P2,ai_team,R04,M7 Truck h=49 trên ThreeWheeler xa L6,keep_with_reason,v1.0.0,Cùng mẫu lỗi ThreeWheeler→Truck
r3_diag,B1-mid,adasind_032280.jpg,L8+R6,LR_noM,MISSING,E4_model_domain,P2,ai_team,R04,"model đổi class ThreeWheeler→Car; L và R cùng ThreeWheeler (R04). Lặp lại ở cả 3 frame B1-mid (M5 Car [229,997,279,1052])",keep_with_reason,v1.0.0,Gộp vào ticket model
r3_diag,B1-mid,adasind_032280.jpg,L7+R2,LR_noM,MISSING,E4_model_domain,P2,ai_team,R04,"model đổi class ThreeWheeler→Car; L và R cùng ThreeWheeler (R04). Lặp lại ở cả 3 frame B1-mid (M9 Car [53,961,176,1122])",keep_with_reason,v1.0.0,Gộp vào ticket model
r3_diag,B1-mid,adasind_032280.jpg,L4,L_only,SPURIOUS,E2_guideline_gap,P2,guideline,R01,"L4 Bike h=43 [179,1000,198,1044], rộng 19 px, mờ ở xa; R không box và đánh unreadable cho vật kế bên [206,999,228,1022]; model không thấy",escalate,v1.0.0,"R01 chỉ nói ≥40 px phải box, không nói khi nào vật ≥40 px nhưng mờ thì chuyển sang unreadable; đề xuất trong 20_guideline_patch"
r3_diag,B1-mid,adasind_032280.jpg,L6,L_only,SPURIOUS,E5_unresolved,P2,qa,R01,"L6 Bike h=54 [0,1004,39,1059] sát mép trái, truncated; R và M đều không có",escalate,v1.0.0,Cần xem ảnh gốc độ phân giải đầy đủ để biết là xe hai bánh hay vật tĩnh ở mép. QA: Nguyễn Hải Long (người nhận việc); QC: Nguyễn Như Quỳnh phân xử
r3_diag,B1-mid,adasind_032280.jpg,M3,M_only,SPURIOUS,E4_model_domain,P2,ai_team,R03,"M3 Pedestrian [477,950,650,1272] là người lái của Bike R1/M2; model tách rider thành Pedestrian riêng",keep_with_reason,v1.0.0,Taxonomy model (person+motorcycle) khác R03. L không có vì mình phủ ego_body nhầm lên xe này (xem IGNORE_SCOPE r1_craft L2)
r3_diag,B1-mid,adasind_032280.jpg,M5,M_only,SPURIOUS,E4_model_domain,P2,ai_team,R04,M5 Car trên ThreeWheeler L8/R6,keep_with_reason,v1.0.0,Trùng lỗi dòng L8+R6
r3_diag,B1-mid,adasind_032280.jpg,M7,M_only,SPURIOUS,E4_model_domain,P2,ai_team,R03,"M7 Pedestrian [284,1000,318,1064] là rider của Bike L3/R4",keep_with_reason,v1.0.0,Rider tách riêng
r3_diag,B1-mid,adasind_032280.jpg,M8,M_only,SPURIOUS,E4_model_domain,P1,ai_team,R02,"M8 Car h=1005 [18,912,1037,1917] phủ gần nửa dưới ảnh gồm thân xe ego và mặt đường méo",escalate,v1.0.0,FP lớn ở vùng méo/ego; bằng chứng cho giả thuyết lệch miền fisheye
r3_diag,B1-mid,adasind_032280.jpg,M9,M_only,SPURIOUS,E4_model_domain,P2,ai_team,R04,M9 Car trên ThreeWheeler L7/R2,keep_with_reason,v1.0.0,Trùng lỗi dòng L7+R2
r3_diag,B1-mid,adasind_032280.jpg,M11,M_only,SPURIOUS,E4_model_domain,P3,ai_team,R03,"M11 Bike [285,1026,318,1071] gần trùng M10 Bike [285,1020,323,1077]",keep_with_reason,v1.0.0,"Box trùng của model, không ảnh hưởng nhãn người"
r3_diag,B1-mid,adasind_034080.jpg,L13+R5,LR_noM,MISSING,E4_model_domain,P2,ai_team,R03,Bike người phụ nữ mặc sari: L13/R5 một box Bike; model tách M8/M12 Pedestrian + M9 Bike lệch xuống dưới,keep_with_reason,v1.0.0,Rider tách riêng; cùng mẫu với 032280 M3/M7
r3_diag,B1-mid,adasind_034080.jpg,L7+R7,LR_noM,MISSING,E4_model_domain,P2,ai_team,R04,"model đổi class ThreeWheeler→Car; L và R cùng ThreeWheeler (R04). Lặp lại ở cả 3 frame B1-mid (M10 Car [376,1030,519,1200])",keep_with_reason,v1.0.0,Gộp vào ticket model
r3_diag,B1-mid,adasind_034080.jpg,L1+R8,LR_noM,MISSING,E4_model_domain,P2,ai_team,R03,"L1/R8 Bike người áo trắng; model M7 Pedestrian [131,1014,177,1110]",keep_with_reason,v1.0.0,Rider tách riêng
r3_diag,B1-mid,adasind_034080.jpg,L2,L_only,SPURIOUS,E1_annotator_error,P1,annotator,R04,"L2 Truck h=50 [249,1051,297,1101] trùng vị trí R9 ThreeWheeler [259,1055,307,1097]; model M11 cũng không gọi Truck",rework,v1.0.0,Sửa class thành ThreeWheeler và xóa polygon ego_body đang phủ lên vật này
r3_diag,B1-mid,adasind_034080.jpg,L4,L_only,SPURIOUS,E5_unresolved,P2,qa,R02,"L4 Car [82,1030,151,1131] chồng lên L3 Car và L1 Bike; R và M đều không có vật thứ hai ở đây",escalate,v1.0.0,Cần phóng to ảnh để biết có xe tối phía sau xe trắng hay mình vẽ trùng. QA: Nguyễn Hải Long (người nhận việc); QC: Nguyễn Như Quỳnh phân xử
r3_diag,B1-mid,adasind_034080.jpg,L6,L_only,SPURIOUS,E1_annotator_error,P2,annotator,R02,"L6 Car [468,1065,579,1155] rộng hơn R2 [509,1090,587,1154] và M3 [511,1073,572,1152]; mình vẽ cả phần bị ThreeWheeler che",rework,v1.0.0,Theo R02 box chỉ bám phần nhìn thấy
r3_diag,B1-mid,adasind_034080.jpg,L8,L_only,SPURIOUS,E1_annotator_error,P1,annotator,R01,"L8 ThreeWheeler [334,1064,368,1109] và L11 Car [342,1065,387,1108] là cùng một vật xa h≈44 nhưng hai class; R không box",rework,v1.0.0,Xóa box trùng; kiểm lại chiều cao so với H=40
r3_diag,B1-mid,adasind_034080.jpg,L11,L_only,SPURIOUS,E1_annotator_error,P1,annotator,R01,"Trùng với L8 (cùng vật, khác class)",rework,v1.0.0,Gộp với dòng L8
r3_diag,B1-mid,adasind_034080.jpg,R2+M3,RM_noL,MISSING,E1_annotator_error,P2,annotator,R02,R2 và M3 cùng box phần nhìn thấy của xe trắng; L6 lệch hình học nên không ghép,rework,v1.0.0,Cùng nguyên nhân dòng L6
r3_diag,B1-mid,adasind_034080.jpg,R9,R_only,MISSING,E1_annotator_error,P1,annotator,R04,"R9 ThreeWheeler; mình gán Truck (L2) và còn phủ ego_body [229,1055,270,1231] lên vật",rework,v1.0.0,Sửa class và xóa ignore sai phạm vi (R07/R10)
r3_diag,B1-mid,adasind_034080.jpg,M7,M_only,SPURIOUS,E4_model_domain,P2,ai_team,R03,M7 Pedestrian là rider của Bike L1/R8,keep_with_reason,v1.0.0,Rider tách riêng
r3_diag,B1-mid,adasind_034080.jpg,M8,M_only,SPURIOUS,E4_model_domain,P2,ai_team,R03,"M8 Pedestrian [114,998,277,1237] là người lái Bike L13/R5",keep_with_reason,v1.0.0,Rider tách riêng
r3_diag,B1-mid,adasind_034080.jpg,M9,M_only,SPURIOUS,E4_model_domain,P2,ai_team,R02,"M9 Bike [160,1134,249,1298] chỉ bao nửa dưới xe của L13/R5",keep_with_reason,v1.0.0,Box model lệch khi tách người và xe
r3_diag,B1-mid,adasind_034080.jpg,M10,M_only,SPURIOUS,E4_model_domain,P2,ai_team,R04,M10 Car trên ThreeWheeler L7/R7,keep_with_reason,v1.0.0,Trùng lỗi dòng L7+R7
r3_diag,B1-mid,adasind_034080.jpg,M11,M_only,SPURIOUS,E4_model_domain,P2,ai_team,R04,"M11 Car [239,1032,298,1096] trên ThreeWheeler R9",keep_with_reason,v1.0.0,ThreeWheeler→Car
r3_diag,B1-mid,adasind_034080.jpg,M12,M_only,SPURIOUS,E4_model_domain,P3,ai_team,R03,"M12 Pedestrian [168,997,275,1235] trùng một phần M8, cùng người lái",keep_with_reason,v1.0.0,Box trùng của model
r2_qa,B1-mid,adasind_014670.jpg,L1,L_only,IGNORE_SCOPE,,P0,qa,R07,"Box Bike [0,1094,335,1774] là tay/tay lái xe ego",rework,v1.0.0,QA: Nguyễn Hải Long (thống nhất với cold review trên bản đã khóa); QC: Nguyễn Như Quỳnh xác nhận
r2_qa,B1-mid,adasind_032280.jpg,L1,L_only,IGNORE_SCOPE,,P0,qa,R10,"Polygon ego_body [483,948,647,1271] phủ lên người lái xe máy Bike L1",rework,v1.0.0,QA: Nguyễn Hải Long (thống nhất với cold review trên bản đã khóa); QC: Nguyễn Như Quỳnh xác nhận
r2_qa,B1-mid,adasind_034080.jpg,L12,L_only,IGNORE_SCOPE,,P0,qa,R07,"Box Bike [0,1243,214,1803] là tay lái ego; 3 polygon ego_body khác phủ lên L1, L2, L13",rework,v1.0.0,QA: Nguyễn Hải Long (thống nhất với cold review trên bản đã khóa); QC: Nguyễn Như Quỳnh xác nhận
r2_qa,B1-mid,adasind_034080.jpg,L8,L_only,DUPLICATE,,P1,qa,R01,L8 ThreeWheeler và L11 Car gần trùng trên cùng một vật xa h≈44,rework,v1.0.0,QA: Nguyễn Hải Long (thống nhất với cold review trên bản đã khóa); QC: Nguyễn Như Quỳnh xác nhận
r2_qa,B1-mid,adasind_034080.jpg,L10,L_only,ATTRIBUTE,,P2,qa,R05,Pedestrian sát mép phải x tới 1078 nhưng truncated=false,rework,v1.0.0,QA: Nguyễn Hải Long (thống nhất với cold review trên bản đã khóa); QC: Nguyễn Như Quỳnh xác nhận
rework,B1-mid,adasind_014670.jpg,L3+R5,na,WRONG_CLASS,E0_reference_defect,P1,qa,R04,"Sau rework giữ Bus [0,845,70,1100], đã bật truncated=true; R5 vẫn Truck",escalate,v1.0.0,Chờ ticket 2 (soát class reference). QA: Nguyễn Hải Long (người nhận việc); QC: Nguyễn Như Quỳnh phân xử
rework,B1-mid,adasind_014670.jpg,L5,na,SPURIOUS,E0_reference_defect,P2,qa,R01,"ThreeWheeler h=55 [355,951,397,1006]; model cũng thấy (M7); reference không có",keep_with_reason,v1.0.0,Giữ theo R01. QA: Nguyễn Hải Long (người nhận việc)
rework,B1-mid,adasind_032280.jpg,L2,na,IGNORE_SCOPE,E1_annotator_error,P0,annotator,R07,"Box Bike [0,1283,243,1757] trên tay lái ego vẫn còn trong v2 dù đã có polygon ego_body",rework,v1.0.0,Sót khi rework; cần xóa ở vòng sau
rework,B1-mid,adasind_032280.jpg,L4,na,SPURIOUS,E2_guideline_gap,P2,guideline,R01,"Bike h=43 mờ ở xa, giữ box theo R01",keep_with_reason,v1.0.0,Chờ R01b trong 20_guideline_patch
rework,B1-mid,adasind_034080.jpg,L12,na,IGNORE_SCOPE,E1_annotator_error,P0,annotator,R07,"Box Bike [0,1243,214,1803] trên tay lái ego vẫn còn trong v2",rework,v1.0.0,Sót khi rework; cần xóa ở vòng sau
rework,B1-mid,adasind_034080.jpg,L4+R2,na,BOX_GEOMETRY,E1_annotator_error,P2,annotator,R02,"Car [468,1065,579,1155] vẫn chưa thu về phần nhìn thấy như R2 [509,1090,587,1154]",rework,v1.0.0,Chưa sửa ở v2
rework,B1-mid,adasind_034080.jpg,L6,na,SPURIOUS,E1_annotator_error,P1,annotator,R01,"ThreeWheeler h=44 [334,1064,368,1109] vẫn trùng với Car h=43 [342,1065,387,1108] (L8)",rework,v1.0.0,Box trùng chưa xóa ở v2
rework,B1-mid,adasind_034080.jpg,L8,na,SPURIOUS,E1_annotator_error,P1,annotator,R01,Car h=43 trùng vật với L6 ThreeWheeler,rework,v1.0.0,Gộp với dòng L6
rework,B1-mid,adasind_034080.jpg,L9,na,SPURIOUS,E5_unresolved,P2,qa,R02,"Car [82,1030,147,1097] (đã thu nhỏ ở v2) nằm sau xe trắng; R và M không có",escalate,v1.0.0,Cần phóng to ảnh gốc để biết có xe thứ hai. QA: Nguyễn Hải Long (người nhận việc); QC: Nguyễn Như Quỳnh phân xử
